[{"model": "auth.user", "pk": 1, "fields": {"password": "pbkdf2_sha256$120000$6pW72UkCjSWY$PmxIHk5eWO+2dfGjp57oHPr0TjN0ZhFIfZ5QJM6W8ug=", "last_login": "2019-02-01T14:23:04.035Z", "is_superuser": true, "username": "sat", "first_name": "", "last_name": "", "email": "sat@s.com", "is_staff": true, "is_active": true, "date_joined": "2019-02-01T14:22:57.394Z", "groups": [], "user_permissions": []}}, {"model": "auth.user", "pk": 2, "fields": {"password": "pbkdf2_sha256$120000$f6ktNnGbsS9q$WGfFt8tKw27vf1vKKWUkgJNk1KCrptHcZgUeY7vggXw=", "last_login": null, "is_superuser": false, "username": "satenik.hovsepyan@aalto.fi", "first_name": "Satenik", "last_name": "Hovsepyan", "email": "satenik.hovsepyan@aalto.fi", "is_staff": false, "is_active": true, "date_joined": "2019-02-08T12:49:27.211Z", "groups": [], "user_permissions": []}}, {"model": "auth.user", "pk": 3, "fields": {"password": "pbkdf2_sha256$120000$n3BlmYzFCSol$WQJB9wd1LiaXgwtjxAZbUGP5KC1pnzUBa3w8k5KYg4s=", "last_login": "2019-02-17T22:58:58.048Z", "is_superuser": false, "username": "satenik.hovsepyan1@aalto.fi", "first_name": "Satenik", "last_name": "Hovsepyan", "email": "satenik.hovsepyan1@aalto.fi", "is_staff": false, "is_active": true, "date_joined": "2019-02-08T12:51:54.870Z", "groups": [], "user_permissions": []}}, {"model": "auth.user", "pk": 4, "fields": {"password": "pbkdf2_sha256$120000$pLrA9NH9vbMP$RxAWpNtAaUMRJ3Si+JD95lH0LW7vDrzXIVySnyQybD4=", "last_login": null, "is_superuser": true, "username": "admin", "first_name": "", "last_name": "", "email": "admin@test.com", "is_staff": true, "is_active": true, "date_joined": "2019-02-08T16:26:19.523Z", "groups": [], "user_permissions": []}}, {"model": "auth.user", "pk": 5, "fields": {"password": "pbkdf2_sha256$120000$7DOk23y3sDLi$zzaP3wWnmxCkJdzXUM51AQdtHrI6WcUEQLnUXj25IGU=", "last_login": "2019-02-08T16:29:21.440Z", "is_superuser": true, "username": "admin@test.com", "first_name": "", "last_name": "", "email": "admin@test.com", "is_staff": true, "is_active": true, "date_joined": "2019-02-08T16:29:10.979Z", "groups": [], "user_permissions": []}}, {"model": "auth.user", "pk": 6, "fields": {"password": "pbkdf2_sha256$120000$0DRlmMi9EbNf$2qDWHCWTdhHsHYJ5XGB5jfC+LMX2FACOyaEk7gbtk/c=", "last_login": "2019-02-14T16:05:01.987Z", "is_superuser": false, "username": "satthovs@test.com", "first_name": "satt", "last_name": "hovss", "email": "satthovs@test.com", "is_staff": false, "is_active": true, "date_joined": "2019-02-13T10:34:35.967Z", "groups": [], "user_permissions": []}}, {"model": "auth.user", "pk": 7, "fields": {"password": "pbkdf2_sha256$120000$pv9bNR1v7ZS2$iTxvd7cWG5un4Znites1RM+ZlgCVffUyoFa7dGV4L9s=", "last_login": "2019-02-16T19:47:29.356Z", "is_superuser": true, "username": "satt", "first_name": "", "last_name": "", "email": "sathovs@test.com", "is_staff": true, "is_active": true, "date_joined": "2019-02-13T15:07:00.932Z", "groups": [], "user_permissions": []}}, {"model": "auth.user", "pk": 8, "fields": {"password": "pbkdf2_sha256$120000$KlEvsXrip2ix$gJSaE6yhoAWq5a5Gnhx0gri35QVJGxr8kTudcZulVko=", "last_login": "2019-02-14T15:50:45.569Z", "is_superuser": false, "username": "testdev@email.com", "first_name": "Satenik", "last_name": "Hovsepyan", "email": "testdev@email.com", "is_staff": false, "is_active": true, "date_joined": "2019-02-14T15:36:33.768Z", "groups": [], "user_permissions": []}}, {"model": "sessions.session", "pk": "6fnablimlmr0gvwa61iknhk1mmxh9im2", "fields": {"session_data": "MTA2YTAwNDc4ZTU3YjcyNTIxOGIyN2E4OWZhM2E4ZTM2NDkxY2FjZTp7Il9hdXRoX3VzZXJfaWQiOiI3IiwiX2F1dGhfdXNlcl9iYWNrZW5kIjoiZGphbmdvLmNvbnRyaWIuYXV0aC5iYWNrZW5kcy5Nb2RlbEJhY2tlbmQiLCJfYXV0aF91c2VyX2hhc2giOiI5ZjAwYTUwMmQyNzRkMDhhMDk4NmU1YzI5ZGQ3ODkxODY0Yzg4MjJjIn0=", "expire_date": "2019-02-27T15:07:14.594Z"}}, {"model": "sessions.session", "pk": "gqgyjb7kq7zwfywahdoavnzgaxlob9j7", "fields": {"session_data": "ZmE5MzEzMGQ5OWJmOTQxZmNhMTc3NTRiMTAyNzNiMDZkZjE1NDk4Yjp7Il9hdXRoX3VzZXJfaWQiOiIzIiwiX2F1dGhfdXNlcl9iYWNrZW5kIjoiZGphbmdvLmNvbnRyaWIuYXV0aC5iYWNrZW5kcy5Nb2RlbEJhY2tlbmQiLCJfYXV0aF91c2VyX2hhc2giOiJlY2YyYjNiODQxYzcyZTYzMzkzYTUyZTA0MzkwYzMxOTBjM2Y2YTU5In0=", "expire_date": "2019-03-03T22:58:58.059Z"}}, {"model": "sessions.session", "pk": "m5h8z5k0khqkqi1rcsexs84xrfydwvl9", "fields": {"session_data": "MTA2YTAwNDc4ZTU3YjcyNTIxOGIyN2E4OWZhM2E4ZTM2NDkxY2FjZTp7Il9hdXRoX3VzZXJfaWQiOiI3IiwiX2F1dGhfdXNlcl9iYWNrZW5kIjoiZGphbmdvLmNvbnRyaWIuYXV0aC5iYWNrZW5kcy5Nb2RlbEJhY2tlbmQiLCJfYXV0aF91c2VyX2hhc2giOiI5ZjAwYTUwMmQyNzRkMDhhMDk4NmU1YzI5ZGQ3ODkxODY0Yzg4MjJjIn0=", "expire_date": "2019-03-02T19:47:29.371Z"}}, {"model": "sessions.session", "pk": "mhcfj8ks5e1ndxsg1cnu5230qo1aylb7", "fields": {"session_data": "OWM1MjcyNjIyZDQ4NWY0ZTk2MjUwMzU2NWIyMzMxMGQ3YTE5MjkxYzp7Il9hdXRoX3VzZXJfaWQiOiI1IiwiX2F1dGhfdXNlcl9iYWNrZW5kIjoiZGphbmdvLmNvbnRyaWIuYXV0aC5iYWNrZW5kcy5Nb2RlbEJhY2tlbmQiLCJfYXV0aF91c2VyX2hhc2giOiIxOTRmNjc1Njk3NzE1MmY0M2FhMjY0MWI3OWE4ZjEzNWE4NWJhNTI2In0=", "expire_date": "2019-02-22T16:29:21.454Z"}}, {"model": "sessions.session", "pk": "o9pfgjmjzbt8l4r5cinppqmjuuugss5q", "fields": {"session_data": "MTA2YTAwNDc4ZTU3YjcyNTIxOGIyN2E4OWZhM2E4ZTM2NDkxY2FjZTp7Il9hdXRoX3VzZXJfaWQiOiI3IiwiX2F1dGhfdXNlcl9iYWNrZW5kIjoiZGphbmdvLmNvbnRyaWIuYXV0aC5iYWNrZW5kcy5Nb2RlbEJhY2tlbmQiLCJfYXV0aF91c2VyX2hhc2giOiI5ZjAwYTUwMmQyNzRkMDhhMDk4NmU1YzI5ZGQ3ODkxODY0Yzg4MjJjIn0=", "expire_date": "2019-02-28T15:27:33.915Z"}}, {"model": "sessions.session", "pk": "q5owgr8ofbma7pccn3zeysgtm0c5r0b0", "fields": {"session_data": "MTA2YTAwNDc4ZTU3YjcyNTIxOGIyN2E4OWZhM2E4ZTM2NDkxY2FjZTp7Il9hdXRoX3VzZXJfaWQiOiI3IiwiX2F1dGhfdXNlcl9iYWNrZW5kIjoiZGphbmdvLmNvbnRyaWIuYXV0aC5iYWNrZW5kcy5Nb2RlbEJhY2tlbmQiLCJfYXV0aF91c2VyX2hhc2giOiI5ZjAwYTUwMmQyNzRkMDhhMDk4NmU1YzI5ZGQ3ODkxODY0Yzg4MjJjIn0=", "expire_date": "2019-03-01T13:39:50.204Z"}}, {"model": "categories.category", "pk": 1, "fields": {"title": "Shooters", "slug": "Shooters"}}, {"model": "categories.category", "pk": 2, "fields": {"title": "Puzzles", "slug": "Puzzles"}}, {"model": "categories.category", "pk": 3, "fields": {"title": "Action", "slug": "Action"}}, {"model": "categories.category", "pk": 4, "fields": {"title": "Combat", "slug": "Combat"}}, {"model": "categories.category", "pk": 5, "fields": {"title": "Sports", "slug": "Sports"}}, {"model": "games.game", "pk": 2, "fields": {"url": "http://webcourse.cs.hut.fi/example_game.html", "title": "Left 4 Dead", "description": "Left 4 Dead is a cooperative first-person shooter video game, developed by Valve South and published by Valve Corporation.", "thumbnail": "thumbnail/Left-4-Death-1-icon_reiZ3jz.png", "price": 35, "developer": 3, "status": "active", "is_deleted": false, "created": "2019-02-16T19:55:56.775Z", "category": [3, 4, 2]}}, {"model": "games.game", "pk": 3, "fields": {"url": "https://docs.djangoproject.com/en/2.1/topics/http/shortcuts/", "title": "The Sims", "description": "The Sims is a series of life simulation video games developed by Maxis and The Sims Studio and published by Electronic Arts.", "thumbnail": "thumbnail/arvNExS_WovT94O.png", "price": 12, "developer": 3, "status": "active", "is_deleted": false, "created": "2019-02-13T15:54:14.560Z", "category": [2]}}, {"model": "games.game", "pk": 4, "fields": {"url": "http://webcourse.cs.hut.fi/example_game.html", "title": "Minecraft", "description": "Minecraft is a 2011 sandbox video game created by Swedish game developer Markus Persson and later developed by Mojang.", "thumbnail": "thumbnail/minecraft_hd_icon___mac___pc_by_hunterkharon-d36qrs5.png", "price": 40, "developer": 3, "status": "active", "is_deleted": false, "created": "2019-02-14T15:28:22.558Z", "category": [2]}}, {"model": "games.game", "pk": 5, "fields": {"url": "https://www.google.com/search?q=Grand+Theft+Auto+V&stick=H4sIAAA", "title": "Grand Theft Auto", "description": "Grand Theft Auto V is an action-adventure video game developed by Rockstar North and published by Rockstar Games.", "thumbnail": "thumbnail/Gta_San_Andreas_256x256.png", "price": 50, "developer": 3, "status": "active", "is_deleted": false, "created": "2019-02-13T15:53:52.453Z", "category": [1]}}, {"model": "games.game", "pk": 6, "fields": {"url": "https://www.google.com/search?sa=X&q=World+of+Warcr", "title": "World of Warcraft", "description": "DescriptionWorld of Warcraft is a massively multiplayer online role-playing game released in 2004 by Blizzard Entertainment", "thumbnail": "thumbnail/2000px-WoW_icon.svg_mHrsOKw.png", "price": 70, "developer": 3, "status": "active", "is_deleted": false, "created": "2019-02-13T15:56:58.930Z", "category": [1]}}, {"model": "games.game", "pk": 12, "fields": {"url": "http://127.0.0.1:8000/developers/games/create/", "title": "DOOM", "description": "DescriptionDoom is a first-person shooter video game developed by id Software and published by Bethesda Softworks.", "thumbnail": "thumbnail/Doom-1-icon.png", "price": 50, "developer": 3, "status": "", "is_deleted": false, "created": "2019-02-13T15:55:55.380Z", "category": [1]}}, {"model": "games.game", "pk": 13, "fields": {"url": "http://webcourse.cs.hut.fi/example_game.html", "title": "devgame", "description": "Expensive, don't buy", "thumbnail": "", "price": 500, "developer": 8, "status": "", "is_deleted": true, "created": "2019-02-14T15:44:52.690Z", "category": [3, 2]}}, {"model": "games.game", "pk": 14, "fields": {"url": "http://localhost:8000/developers/games/create/asd1", "title": "test123asa1", "description": "asd asd1", "thumbnail": "thumbnail/minecraft_hd_icon___mac___pc_by_hunterkharon-d36qrs5_BEyqFlZ.png", "price": 301, "developer": 8, "status": "", "is_deleted": false, "created": "2019-02-16T11:18:41.477Z", "category": [4]}}, {"model": "profiles.profile", "pk": 1, "fields": {"role": "developer", "user": 3, "games": [5, 6, 2]}}, {"model": "profiles.profile", "pk": 2, "fields": {"role": "player", "user": 6, "games": [5, 3, 4]}}, {"model": "profiles.profile", "pk": 3, "fields": {"role": "developer", "user": 8, "games": [5, 3, 2]}}, {"model": "orders.order", "pk": 1, "fields": {"code": "b0f15dbe-a069-4f28-9616-8a5ddbdb5d5e", "user": 1, "created": "2019-02-01T14:32:54.032Z", "modified": "2019-02-01T14:32:54.032Z", "total_amount": "2000.00", "ref": " ", "status": "pending", "game": "game_id"}}, {"model": "orders.order", "pk": 52, "fields": {"code": "c1ff81fa-967c-4f3a-9ac1-4c5ee32ba2cd", "user": 3, "created": "2019-02-10T22:37:34.553Z", "modified": "2019-02-10T22:37:34.553Z", "total_amount": "35.00", "ref": " ", "status": "pending", "game": 2}}, {"model": "orders.order", "pk": 53, "fields": {"code": "6abd0a01-a813-4ff9-b821-b0cc19eae9d0", "user": 3, "created": "2019-02-10T22:37:42.036Z", "modified": "2019-02-10T22:37:42.036Z", "total_amount": "35.00", "ref": " ", "status": "pending", "game": 2}}, {"model": "orders.order", "pk": 54, "fields": {"code": "ae050f61-8070-4bc6-b3ef-899e5391aa30", "user": 3, "created": "2019-02-10T22:37:50.076Z", "modified": "2019-02-10T22:37:50.076Z", "total_amount": "12.00", "ref": " ", "status": "pending", "game": 3}}, {"model": "orders.order", "pk": 55, "fields": {"code": "53deb4f7-1071-494e-9ddb-99d37c1371dc", "user": 3, "created": "2019-02-10T22:37:53.547Z", "modified": "2019-02-10T22:37:53.547Z", "total_amount": "12.00", "ref": " ", "status": "pending", "game": 3}}, {"model": "orders.order", "pk": 56, "fields": {"code": "51d9dd62-23df-4563-9a57-1a5a2451b7e5", "user": 3, "created": "2019-02-10T22:38:13.460Z", "modified": "2019-02-10T22:38:13.460Z", "total_amount": "35.00", "ref": " ", "status": "pending", "game": 2}}, {"model": "orders.order", "pk": 57, "fields": {"code": "e1cc6364-db57-4277-84fe-5f69bb5a44f5", "user": 3, "created": "2019-02-10T22:39:03.002Z", "modified": "2019-02-10T22:39:03.002Z", "total_amount": "35.00", "ref": " ", "status": "pending", "game": 2}}, {"model": "orders.order", "pk": 58, "fields": {"code": "3a54b40d-6aa3-464d-ae6d-8958a6f0de01", "user": 3, "created": "2019-02-10T22:57:25.919Z", "modified": "2019-02-10T22:57:25.919Z", "total_amount": "35.00", "ref": " ", "status": "pending", "game": 2}}, {"model": "orders.order", "pk": 59, "fields": {"code": "58811328-cca7-4dcf-a24a-e3298c1e3cd1", "user": 3, "created": "2019-02-10T23:38:26.109Z", "modified": "2019-02-10T23:38:26.109Z", "total_amount": "35.00", "ref": " ", "status": "pending", "game": 2}}, {"model": "orders.order", "pk": 61, "fields": {"code": "2d5493bd-b075-41b6-bf5f-9e7412519fd4", "user": 3, "created": "2019-02-13T09:31:13.039Z", "modified": "2019-02-13T09:31:13.040Z", "total_amount": "35.00", "ref": " ", "status": "pending", "game": 2}}, {"model": "orders.order", "pk": 62, "fields": {"code": "76ecb099-df1d-4be0-87a5-92432eb507d9", "user": 3, "created": "2019-02-13T09:33:51.505Z", "modified": "2019-02-13T09:33:51.505Z", "total_amount": "35.00", "ref": " ", "status": "pending", "game": 2}}, {"model": "orders.order", "pk": 63, "fields": {"code": "f7a5d1c1-ce0b-4a57-840b-8afcfcd9c59b", "user": 3, "created": "2019-02-13T09:35:09.614Z", "modified": "2019-02-13T09:35:09.614Z", "total_amount": "35.00", "ref": " ", "status": "pending", "game": 2}}, {"model": "orders.order", "pk": 86, "fields": {"code": "98b9cb87-7d4a-46d4-ae53-52c296c479f7", "user": 6, "created": "2019-02-13T10:35:28.241Z", "modified": "2019-02-13T10:35:28.242Z", "total_amount": "12.00", "ref": " ", "status": "pending", "game": 3}}, {"model": "orders.order", "pk": 87, "fields": {"code": "40e39396-b145-4416-b4ea-4509b833801d", "user": 6, "created": "2019-02-13T10:35:54.347Z", "modified": "2019-02-13T10:35:54.347Z", "total_amount": "40.00", "ref": " ", "status": "pending", "game": 4}}, {"model": "orders.order", "pk": 88, "fields": {"code": "72be3462-b28a-4e4d-bb81-99571e69a5a7", "user": 6, "created": "2019-02-13T10:36:14.913Z", "modified": "2019-02-13T10:36:14.913Z", "total_amount": "40.00", "ref": " ", "status": "pending", "game": 4}}, {"model": "orders.order", "pk": 89, "fields": {"code": "87eb0688-1d72-40b8-9b5a-6721cd0496da", "user": 6, "created": "2019-02-13T10:46:41.354Z", "modified": "2019-02-13T10:46:43.438Z", "total_amount": "40.00", "ref": "27038", "status": "pending", "game": 4}}, {"model": "orders.order", "pk": 91, "fields": {"code": "66d08e3b-3b79-44b7-a380-51cf577e11fa", "user": 3, "created": "2019-02-13T14:09:52.992Z", "modified": "2019-02-13T14:10:03.685Z", "total_amount": "50.00", "ref": "27216", "status": "pending", "game": 5}}, {"model": "orders.order", "pk": 92, "fields": {"code": "2da1b6e4-298e-420a-9553-79ca1d346080", "user": 3, "created": "2019-02-13T14:41:57.949Z", "modified": "2019-02-13T14:41:57.949Z", "total_amount": "35.00", "ref": "", "status": "pending", "game": 2}}, {"model": "orders.order", "pk": 93, "fields": {"code": "cf2b60e4-d3ab-49e2-8823-75c61ce3ae56", "user": 3, "created": "2019-02-13T16:25:45.809Z", "modified": "2019-02-13T16:25:48.324Z", "total_amount": "35.00", "ref": "27259", "status": "pending", "game": 2}}, {"model": "orders.order", "pk": 94, "fields": {"code": "134b0105-eadc-474c-8cc5-589d0d24681e", "user": 3, "created": "2019-02-13T18:27:31.431Z", "modified": "2019-02-13T18:27:46.215Z", "total_amount": "70.00", "ref": "27288", "status": "pending", "game": 6}}, {"model": "orders.order", "pk": 95, "fields": {"code": "48e110a4-0ced-419e-a5a6-67be17bb9dd5", "user": 6, "created": "2019-02-14T15:29:17.149Z", "modified": "2019-02-14T15:29:26.287Z", "total_amount": "50.00", "ref": "27545", "status": "pending", "game": 5}}, {"model": "orders.order", "pk": 96, "fields": {"code": "b16049ce-fbdd-4590-8a88-1d9ee13121da", "user": 6, "created": "2019-02-14T15:30:27.965Z", "modified": "2019-02-14T15:30:32.474Z", "total_amount": "50.00", "ref": "27547", "status": "pending", "game": 5}}, {"model": "orders.order", "pk": 97, "fields": {"code": "1b71b720-56e2-4c19-a8a7-66f74b8e45b4", "user": 8, "created": "2019-02-14T15:45:24.310Z", "modified": "2019-02-14T15:45:58.475Z", "total_amount": "12.00", "ref": "27555", "status": "pending", "game": 3}}, {"model": "orders.order", "pk": 98, "fields": {"code": "3b36cfc9-361c-470d-8a2d-bcd99c95c14b", "user": 6, "created": "2019-02-14T15:47:28.856Z", "modified": "2019-02-14T15:47:31.878Z", "total_amount": "12.00", "ref": "27556", "status": "pending", "game": 3}}, {"model": "orders.order", "pk": 99, "fields": {"code": "8e6ee611-bc19-42fe-8479-54df371927db", "user": 6, "created": "2019-02-14T15:47:34.392Z", "modified": "2019-02-14T15:47:34.392Z", "total_amount": "12.00", "ref": "", "status": "pending", "game": 3}}, {"model": "orders.order", "pk": 100, "fields": {"code": "3ab996d3-8ec3-4d10-8806-37322d28c1a7", "user": 8, "created": "2019-02-14T15:51:52.887Z", "modified": "2019-02-14T15:51:52.887Z", "total_amount": "12.00", "ref": "", "status": "pending", "game": 3}}, {"model": "orders.order", "pk": 101, "fields": {"code": "ec1d83d1-84c7-4aa0-ac43-f4ea8aca4246", "user": 8, "created": "2019-02-14T15:52:28.858Z", "modified": "2019-02-14T15:52:32.904Z", "total_amount": "12.00", "ref": "27558", "status": "pending", "game": 3}}, {"model": "orders.order", "pk": 102, "fields": {"code": "2a2bc57d-1651-4247-a024-623e6bab90e7", "user": 8, "created": "2019-02-14T15:56:55.273Z", "modified": "2019-02-14T15:56:55.274Z", "total_amount": "12.00", "ref": "", "status": "pending", "game": 3}}, {"model": "orders.order", "pk": 103, "fields": {"code": "5ce617fa-e126-4cdf-b33b-2172a6adb2c0", "user": 8, "created": "2019-02-14T15:58:52.900Z", "modified": "2019-02-14T15:58:52.900Z", "total_amount": "50.00", "ref": "", "status": "pending", "game": 5}}, {"model": "orders.order", "pk": 104, "fields": {"code": "248a0952-be55-4138-a49e-56a18123a025", "user": 8, "created": "2019-02-14T15:59:05.146Z", "modified": "2019-02-14T15:59:05.146Z", "total_amount": "70.00", "ref": "", "status": "pending", "game": 6}}, {"model": "orders.order", "pk": 105, "fields": {"code": "ba2c19bb-a644-44fd-8782-8a6f60f1ae8a", "user": 8, "created": "2019-02-14T20:43:52.359Z", "modified": "2019-02-14T20:43:56.568Z", "total_amount": "50.00", "ref": "27634", "status": "pending", "game": 5}}, {"model": "orders.order", "pk": 106, "fields": {"code": "25246675-a7fa-4d58-9d0b-2af7db3146ae", "user": 8, "created": "2019-02-16T11:15:56.754Z", "modified": "2019-02-16T11:15:56.754Z", "total_amount": "40.00", "ref": "", "status": "pending", "game": 4}}, {"model": "orders.order", "pk": 107, "fields": {"code": "b59afff3-f22c-4d0f-a464-9eedb4845300", "user": 8, "created": "2019-02-16T15:09:32.900Z", "modified": "2019-02-16T15:09:32.900Z", "total_amount": "50.00", "ref": "", "status": "pending", "game": 12}}, {"model": "orders.order", "pk": 108, "fields": {"code": "c6e07106-83a5-4991-90fb-89d6217d8313", "user": 8, "created": "2019-02-16T15:15:03.442Z", "modified": "2019-02-16T15:15:03.442Z", "total_amount": "50.00", "ref": "", "status": "pending", "game": 12}}, {"model": "orders.order", "pk": 109, "fields": {"code": "957861da-e13f-4437-bd3b-3d535e6b6d0a", "user": 8, "created": "2019-02-16T15:15:07.012Z", "modified": "2019-02-16T15:15:07.012Z", "total_amount": "50.00", "ref": "", "status": "pending", "game": 12}}, {"model": "orders.order", "pk": 110, "fields": {"code": "74283829-703a-4fcf-be92-85c4d742eb95", "user": 8, "created": "2019-02-16T15:16:17.291Z", "modified": "2019-02-16T15:16:17.291Z", "total_amount": "50.00", "ref": "", "status": "pending", "game": 12}}, {"model": "orders.order", "pk": 111, "fields": {"code": "be241906-1b8e-4c3c-b941-32ad37832d8f", "user": 8, "created": "2019-02-16T18:32:28.048Z", "modified": "2019-02-16T18:32:28.048Z", "total_amount": "50.00", "ref": "", "status": "pending", "game": 12}}, {"model": "orders.order", "pk": 112, "fields": {"code": "5fa396cb-4599-4c71-aca8-17abcf3d7a84", "user": 8, "created": "2019-02-16T18:54:16.300Z", "modified": "2019-02-16T18:54:16.300Z", "total_amount": "50.00", "ref": "", "status": "pending", "game": 12}}, {"model": "orders.order", "pk": 113, "fields": {"code": "0e467266-73b2-4fc3-a082-f8e78e45a28d", "user": 8, "created": "2019-02-16T18:57:02.943Z", "modified": "2019-02-16T18:57:02.943Z", "total_amount": "50.00", "ref": "", "status": "pending", "game": 12}}, {"model": "orders.order", "pk": 114, "fields": {"code": "e35b0be7-7073-45c2-b67f-8ef4bbd13a69", "user": 8, "created": "2019-02-16T18:57:31.396Z", "modified": "2019-02-16T18:57:31.396Z", "total_amount": "50.00", "ref": "", "status": "pending", "game": 12}}, {"model": "orders.order", "pk": 115, "fields": {"code": "b3a43788-9469-4b0d-ba3a-589db2f210e7", "user": 8, "created": "2019-02-16T18:58:12.485Z", "modified": "2019-02-16T18:58:12.485Z", "total_amount": "50.00", "ref": "", "status": "pending", "game": 12}}, {"model": "orders.order", "pk": 116, "fields": {"code": "a82dc1a8-d0ec-4b90-9690-05736890e059", "user": 8, "created": "2019-02-16T18:58:13.198Z", "modified": "2019-02-16T18:58:13.198Z", "total_amount": "50.00", "ref": "", "status": "pending", "game": 12}}, {"model": "orders.order", "pk": 117, "fields": {"code": "e107704d-34dd-402f-a760-b44f19066e24", "user": 8, "created": "2019-02-16T19:08:54.643Z", "modified": "2019-02-16T19:08:54.643Z", "total_amount": "50.00", "ref": "", "status": "pending", "game": 12}}, {"model": "orders.order", "pk": 118, "fields": {"code": "ee89189f-da61-4713-9d8f-43325f71503e", "user": 8, "created": "2019-02-16T19:09:08.289Z", "modified": "2019-02-16T19:09:08.289Z", "total_amount": "50.00", "ref": "", "status": "pending", "game": 12}}, {"model": "orders.order", "pk": 119, "fields": {"code": "c489ed23-c414-4f07-82d9-7cc84a903219", "user": 8, "created": "2019-02-16T19:09:55.600Z", "modified": "2019-02-16T19:09:55.600Z", "total_amount": "50.00", "ref": "", "status": "pending", "game": 12}}, {"model": "orders.order", "pk": 120, "fields": {"code": "85ea5dd6-762d-4729-a6b7-d02d90e724e5", "user": 8, "created": "2019-02-16T19:10:38.033Z", "modified": "2019-02-16T19:10:38.033Z", "total_amount": "50.00", "ref": "", "status": "pending", "game": 12}}, {"model": "orders.order", "pk": 121, "fields": {"code": "083abd5a-8b52-452d-8ee4-89555595af7a", "user": 8, "created": "2019-02-16T19:11:34.773Z", "modified": "2019-02-16T19:11:34.773Z", "total_amount": "50.00", "ref": "", "status": "pending", "game": 12}}, {"model": "orders.order", "pk": 122, "fields": {"code": "5204c8da-a387-448f-9543-b023f741f1a1", "user": 8, "created": "2019-02-16T19:13:16.621Z", "modified": "2019-02-16T19:13:16.621Z", "total_amount": "50.00", "ref": "", "status": "pending", "game": 12}}, {"model": "orders.order", "pk": 123, "fields": {"code": "9723150e-572f-4764-946a-3649f49f782e", "user": 8, "created": "2019-02-16T19:14:04.307Z", "modified": "2019-02-16T19:14:04.307Z", "total_amount": "50.00", "ref": "", "status": "pending", "game": 12}}, {"model": "orders.order", "pk": 124, "fields": {"code": "3706e02f-a04c-4c44-879f-18d8e065f0b3", "user": 8, "created": "2019-02-16T19:14:04.684Z", "modified": "2019-02-16T19:14:04.684Z", "total_amount": "50.00", "ref": "", "status": "pending", "game": 12}}, {"model": "orders.order", "pk": 125, "fields": {"code": "814a3c81-0b9a-423a-9203-b67a67ae066e", "user": 8, "created": "2019-02-16T19:14:39.446Z", "modified": "2019-02-16T19:14:39.446Z", "total_amount": "50.00", "ref": "", "status": "pending", "game": 12}}, {"model": "orders.order", "pk": 126, "fields": {"code": "1d662612-5b58-426c-bd78-6d5644dbca0c", "user": 8, "created": "2019-02-16T19:15:06.643Z", "modified": "2019-02-16T19:15:06.643Z", "total_amount": "50.00", "ref": "", "status": "pending", "game": 12}}, {"model": "orders.order", "pk": 127, "fields": {"code": "9672e3c0-5da2-4d35-8300-49b43881b532", "user": 8, "created": "2019-02-16T19:15:36.396Z", "modified": "2019-02-16T19:15:36.396Z", "total_amount": "50.00", "ref": "", "status": "pending", "game": 12}}, {"model": "orders.order", "pk": 128, "fields": {"code": "4e0028d6-0082-4895-8bd6-ecbd0f862ae4", "user": 8, "created": "2019-02-16T19:15:41.704Z", "modified": "2019-02-16T19:15:41.704Z", "total_amount": "50.00", "ref": "", "status": "pending", "game": 12}}, {"model": "orders.order", "pk": 129, "fields": {"code": "d8c55028-161d-4566-91bf-884c568d4562", "user": 8, "created": "2019-02-16T19:15:57.318Z", "modified": "2019-02-16T19:15:57.319Z", "total_amount": "50.00", "ref": "", "status": "pending", "game": 12}}, {"model": "orders.order", "pk": 130, "fields": {"code": "384d8fed-f931-437f-8d78-a8f64cab6326", "user": 8, "created": "2019-02-16T19:16:19.882Z", "modified": "2019-02-16T19:16:19.882Z", "total_amount": "50.00", "ref": "", "status": "pending", "game": 12}}, {"model": "orders.order", "pk": 131, "fields": {"code": "2552ffa6-0e6c-4bc1-ad44-2b8853911ee9", "user": 8, "created": "2019-02-16T19:17:34.584Z", "modified": "2019-02-16T19:17:34.584Z", "total_amount": "50.00", "ref": "", "status": "pending", "game": 12}}, {"model": "orders.order", "pk": 132, "fields": {"code": "9848b64a-5f1a-41ba-8464-d833dc4eaa32", "user": 8, "created": "2019-02-16T19:17:58.883Z", "modified": "2019-02-16T19:17:58.883Z", "total_amount": "50.00", "ref": "", "status": "pending", "game": 12}}, {"model": "orders.order", "pk": 133, "fields": {"code": "5ac2c865-5267-4fd7-8abb-0e19c352ae89", "user": 8, "created": "2019-02-16T19:19:48.459Z", "modified": "2019-02-16T19:19:48.459Z", "total_amount": "50.00", "ref": "", "status": "pending", "game": 12}}, {"model": "orders.order", "pk": 134, "fields": {"code": "856f791f-e774-46b5-84e3-40c13c52e623", "user": 8, "created": "2019-02-16T19:20:50.942Z", "modified": "2019-02-16T19:20:50.942Z", "total_amount": "50.00", "ref": "", "status": "pending", "game": 12}}, {"model": "orders.order", "pk": 135, "fields": {"code": "d7c715ed-80f3-4d24-876c-1133cc13a662", "user": 8, "created": "2019-02-16T19:21:01.284Z", "modified": "2019-02-16T19:21:01.284Z", "total_amount": "50.00", "ref": "", "status": "pending", "game": 12}}, {"model": "orders.order", "pk": 136, "fields": {"code": "c2acdd7d-9034-43ed-a509-a40f6a719adc", "user": 8, "created": "2019-02-16T19:21:05.603Z", "modified": "2019-02-16T19:21:05.603Z", "total_amount": "50.00", "ref": "", "status": "pending", "game": 12}}, {"model": "orders.order", "pk": 137, "fields": {"code": "5b9f59b3-5174-421c-87f1-94b9f22fd29a", "user": 8, "created": "2019-02-16T19:21:46.829Z", "modified": "2019-02-16T19:21:46.829Z", "total_amount": "50.00", "ref": "", "status": "pending", "game": 12}}, {"model": "orders.order", "pk": 138, "fields": {"code": "1e3e22f5-3df1-4647-9eee-eaac67ea6d50", "user": 8, "created": "2019-02-16T19:25:54.318Z", "modified": "2019-02-16T19:25:54.318Z", "total_amount": "50.00", "ref": "", "status": "pending", "game": 12}}, {"model": "orders.order", "pk": 139, "fields": {"code": "2a7dc41f-0a9e-499a-ab4f-a2c2deeeda64", "user": 8, "created": "2019-02-16T19:26:34.153Z", "modified": "2019-02-16T19:26:34.153Z", "total_amount": "50.00", "ref": "", "status": "pending", "game": 12}}, {"model": "orders.order", "pk": 140, "fields": {"code": "98173d31-c5e7-4779-8e5c-799d9a66d162", "user": 8, "created": "2019-02-16T19:28:03.333Z", "modified": "2019-02-16T19:28:03.334Z", "total_amount": "50.00", "ref": "", "status": "pending", "game": 12}}, {"model": "orders.order", "pk": 141, "fields": {"code": "43cad43d-3591-48e5-8a1e-b79aac6a52ff", "user": 8, "created": "2019-02-16T19:28:28.109Z", "modified": "2019-02-16T19:28:28.109Z", "total_amount": "50.00", "ref": "", "status": "pending", "game": 12}}, {"model": "orders.order", "pk": 142, "fields": {"code": "f1e8f4e7-1de8-4adc-b5c2-dc9aa3ba9d41", "user": 8, "created": "2019-02-16T19:28:29.029Z", "modified": "2019-02-16T19:28:29.029Z", "total_amount": "50.00", "ref": "", "status": "pending", "game": 12}}, {"model": "orders.order", "pk": 143, "fields": {"code": "3d4a3fff-5926-4caf-ae49-dedc0afa1df4", "user": 8, "created": "2019-02-16T19:28:29.587Z", "modified": "2019-02-16T19:28:29.587Z", "total_amount": "50.00", "ref": "", "status": "pending", "game": 12}}, {"model": "orders.order", "pk": 144, "fields": {"code": "6fb30afb-b5cb-4d9a-8f95-7ba5be61940b", "user": 8, "created": "2019-02-16T19:28:43.802Z", "modified": "2019-02-16T19:28:43.802Z", "total_amount": "50.00", "ref": "", "status": "pending", "game": 12}}, {"model": "orders.order", "pk": 145, "fields": {"code": "acc2c11c-e0ba-4d84-be54-1510a41e2281", "user": 8, "created": "2019-02-16T19:31:03.220Z", "modified": "2019-02-16T19:31:03.220Z", "total_amount": "50.00", "ref": "", "status": "pending", "game": 12}}, {"model": "orders.order", "pk": 146, "fields": {"code": "1bfd682e-9ca0-4c38-8e86-d662acd7b2e1", "user": 8, "created": "2019-02-16T19:31:14.146Z", "modified": "2019-02-16T19:31:14.146Z", "total_amount": "50.00", "ref": "", "status": "pending", "game": 12}}, {"model": "orders.order", "pk": 147, "fields": {"code": "579f457c-b252-4be7-865d-4fcaba181c52", "user": 8, "created": "2019-02-16T19:31:14.992Z", "modified": "2019-02-16T19:31:14.992Z", "total_amount": "50.00", "ref": "", "status": "pending", "game": 12}}, {"model": "orders.order", "pk": 148, "fields": {"code": "dbae4e72-3be5-44c2-a9db-9cf36b1591b2", "user": 8, "created": "2019-02-16T19:32:46.029Z", "modified": "2019-02-16T19:32:46.029Z", "total_amount": "50.00", "ref": "", "status": "pending", "game": 12}}, {"model": "orders.order", "pk": 149, "fields": {"code": "b0add34e-5244-4de4-96c9-a19762d502e3", "user": 8, "created": "2019-02-16T19:33:03.297Z", "modified": "2019-02-16T19:33:03.298Z", "total_amount": "50.00", "ref": "", "status": "pending", "game": 12}}, {"model": "orders.order", "pk": 150, "fields": {"code": "617b4cf1-02b9-4808-b33a-f5cbaff5ed80", "user": 8, "created": "2019-02-16T19:33:12.290Z", "modified": "2019-02-16T19:33:12.290Z", "total_amount": "50.00", "ref": "", "status": "pending", "game": 12}}, {"model": "orders.order", "pk": 151, "fields": {"code": "82da1365-53fe-4337-b900-5f94cf4d0f27", "user": 8, "created": "2019-02-16T19:33:22.714Z", "modified": "2019-02-16T19:33:22.715Z", "total_amount": "50.00", "ref": "", "status": "pending", "game": 12}}, {"model": "orders.order", "pk": 152, "fields": {"code": "b918abcf-e73c-40a6-89b0-eba6f85e9830", "user": 8, "created": "2019-02-16T19:33:31.031Z", "modified": "2019-02-16T19:33:31.032Z", "total_amount": "50.00", "ref": "", "status": "pending", "game": 12}}, {"model": "orders.order", "pk": 153, "fields": {"code": "15374f5c-f03b-40e9-99e5-15ecedcd54bf", "user": 8, "created": "2019-02-16T19:33:41.754Z", "modified": "2019-02-16T19:33:41.754Z", "total_amount": "50.00", "ref": "", "status": "pending", "game": 12}}, {"model": "orders.order", "pk": 154, "fields": {"code": "1372585b-d68e-4caa-89d5-42f7655acc18", "user": 8, "created": "2019-02-16T19:34:03.025Z", "modified": "2019-02-16T19:34:03.025Z", "total_amount": "50.00", "ref": "", "status": "pending", "game": 12}}, {"model": "orders.order", "pk": 155, "fields": {"code": "3261d568-9180-439e-9f14-7cde67ccabf6", "user": 8, "created": "2019-02-16T19:34:35.869Z", "modified": "2019-02-16T19:34:35.869Z", "total_amount": "50.00", "ref": "", "status": "pending", "game": 12}}, {"model": "orders.order", "pk": 156, "fields": {"code": "616276f5-ded0-49a0-a246-db328a3039f5", "user": 8, "created": "2019-02-16T19:34:58.512Z", "modified": "2019-02-16T19:34:58.512Z", "total_amount": "50.00", "ref": "", "status": "pending", "game": 12}}, {"model": "orders.order", "pk": 157, "fields": {"code": "948f75aa-c4b8-405e-aa85-c90e46e20bd4", "user": 8, "created": "2019-02-16T19:34:59.261Z", "modified": "2019-02-16T19:34:59.261Z", "total_amount": "50.00", "ref": "", "status": "pending", "game": 12}}, {"model": "orders.order", "pk": 158, "fields": {"code": "ccfea9a4-8258-4602-a765-05ee705a40d5", "user": 8, "created": "2019-02-16T19:35:32.268Z", "modified": "2019-02-16T19:35:32.268Z", "total_amount": "50.00", "ref": "", "status": "pending", "game": 12}}, {"model": "orders.order", "pk": 159, "fields": {"code": "b5cecd8c-44ed-4b73-bc0d-398b77f602e6", "user": 8, "created": "2019-02-16T19:35:33.044Z", "modified": "2019-02-16T19:35:33.044Z", "total_amount": "50.00", "ref": "", "status": "pending", "game": 12}}, {"model": "orders.order", "pk": 160, "fields": {"code": "e2759a91-899c-4e9e-9dfa-0c93afbd19d3", "user": 8, "created": "2019-02-16T19:35:35.929Z", "modified": "2019-02-16T19:35:35.929Z", "total_amount": "50.00", "ref": "", "status": "pending", "game": 12}}, {"model": "orders.order", "pk": 161, "fields": {"code": "7461989c-5cff-4a30-9335-2f8384516ffb", "user": 8, "created": "2019-02-16T19:35:46.141Z", "modified": "2019-02-16T19:35:46.141Z", "total_amount": "50.00", "ref": "", "status": "pending", "game": 12}}, {"model": "orders.order", "pk": 162, "fields": {"code": "5ad57cba-80ca-4c79-8708-c7d95c07633b", "user": 8, "created": "2019-02-16T19:36:10.994Z", "modified": "2019-02-16T19:36:10.994Z", "total_amount": "50.00", "ref": "", "status": "pending", "game": 12}}, {"model": "orders.order", "pk": 163, "fields": {"code": "57c3ba27-ea61-4785-982b-d4bc3278ddf9", "user": 8, "created": "2019-02-16T19:36:17.163Z", "modified": "2019-02-16T19:36:17.163Z", "total_amount": "50.00", "ref": "", "status": "pending", "game": 12}}, {"model": "orders.order", "pk": 164, "fields": {"code": "03cb4f66-14d7-4bfa-bc92-ee889960a059", "user": 8, "created": "2019-02-16T19:36:26.058Z", "modified": "2019-02-16T19:36:26.058Z", "total_amount": "50.00", "ref": "", "status": "pending", "game": 12}}, {"model": "orders.order", "pk": 165, "fields": {"code": "8cf8565a-bcea-463b-8894-da6e0495391f", "user": 8, "created": "2019-02-16T19:36:44.867Z", "modified": "2019-02-16T19:36:44.867Z", "total_amount": "50.00", "ref": "", "status": "pending", "game": 12}}, {"model": "orders.order", "pk": 166, "fields": {"code": "07ddcd55-c99e-47e7-a545-71752e40a1c4", "user": 8, "created": "2019-02-16T19:37:14.648Z", "modified": "2019-02-16T19:37:14.648Z", "total_amount": "50.00", "ref": "", "status": "pending", "game": 12}}, {"model": "orders.order", "pk": 167, "fields": {"code": "7bcd4fd1-c532-4aa6-a109-3a2fec4dffc6", "user": 8, "created": "2019-02-16T19:37:38.009Z", "modified": "2019-02-16T19:37:38.009Z", "total_amount": "50.00", "ref": "", "status": "pending", "game": 12}}, {"model": "orders.order", "pk": 168, "fields": {"code": "aa8e8f8a-213b-4428-9063-2eec9eeb88c2", "user": 8, "created": "2019-02-16T19:39:38.275Z", "modified": "2019-02-16T19:39:38.275Z", "total_amount": "50.00", "ref": "", "status": "pending", "game": 12}}, {"model": "orders.order", "pk": 169, "fields": {"code": "62ea1f1b-3a32-4598-ab5b-7b3c3829ae3a", "user": 8, "created": "2019-02-16T19:39:39.045Z", "modified": "2019-02-16T19:39:39.045Z", "total_amount": "50.00", "ref": "", "status": "pending", "game": 12}}, {"model": "orders.order", "pk": 170, "fields": {"code": "e64b09e4-94e2-4e39-8b0b-9c77345dbcdc", "user": 8, "created": "2019-02-16T19:39:39.800Z", "modified": "2019-02-16T19:39:39.800Z", "total_amount": "50.00", "ref": "", "status": "pending", "game": 12}}, {"model": "orders.order", "pk": 171, "fields": {"code": "55d70e49-5d63-431e-a5b9-5c283985f362", "user": 8, "created": "2019-02-16T19:40:54.384Z", "modified": "2019-02-16T19:40:54.384Z", "total_amount": "50.00", "ref": "", "status": "pending", "game": 12}}, {"model": "orders.order", "pk": 172, "fields": {"code": "ddff359f-acf8-424d-8c9b-66ea5426289b", "user": 8, "created": "2019-02-16T19:40:55.456Z", "modified": "2019-02-16T19:40:55.456Z", "total_amount": "50.00", "ref": "", "status": "pending", "game": 12}}, {"model": "orders.order", "pk": 173, "fields": {"code": "3c79bd6e-4fab-4ad3-a3ed-849fc51dd87f", "user": 8, "created": "2019-02-16T19:41:22.158Z", "modified": "2019-02-16T19:41:22.158Z", "total_amount": "50.00", "ref": "", "status": "pending", "game": 12}}, {"model": "orders.order", "pk": 174, "fields": {"code": "eda66c40-224e-423c-9841-5684befb55b6", "user": 8, "created": "2019-02-16T19:41:48.295Z", "modified": "2019-02-16T19:41:48.295Z", "total_amount": "50.00", "ref": "", "status": "pending", "game": 12}}, {"model": "orders.order", "pk": 175, "fields": {"code": "acbcf96b-9d5d-47ef-a127-b7d4c8b1a667", "user": 8, "created": "2019-02-16T19:42:13.288Z", "modified": "2019-02-16T19:42:13.288Z", "total_amount": "50.00", "ref": "", "status": "pending", "game": 12}}, {"model": "orders.order", "pk": 176, "fields": {"code": "42f84c2c-65aa-4fce-933b-c53e12a9196b", "user": 8, "created": "2019-02-16T19:42:29.191Z", "modified": "2019-02-16T19:42:29.191Z", "total_amount": "50.00", "ref": "", "status": "pending", "game": 12}}, {"model": "orders.order", "pk": 177, "fields": {"code": "c3f30675-bb74-417b-8955-8402c52c7821", "user": 8, "created": "2019-02-16T19:44:28.119Z", "modified": "2019-02-16T19:44:28.119Z", "total_amount": "50.00", "ref": "", "status": "pending", "game": 12}}, {"model": "orders.order", "pk": 178, "fields": {"code": "ae820864-434c-45ef-becc-842960661844", "user": 8, "created": "2019-02-16T19:44:28.955Z", "modified": "2019-02-16T19:44:28.955Z", "total_amount": "50.00", "ref": "", "status": "pending", "game": 12}}, {"model": "orders.order", "pk": 179, "fields": {"code": "18b981c3-85d4-4e6a-ac3d-7aac2c832f98", "user": 8, "created": "2019-02-16T19:45:03.575Z", "modified": "2019-02-16T19:45:03.575Z", "total_amount": "50.00", "ref": "", "status": "pending", "game": 12}}, {"model": "orders.order", "pk": 180, "fields": {"code": "8235e4c4-b5e9-4d5f-bce2-8e4c619d4ea4", "user": 8, "created": "2019-02-16T19:45:32.953Z", "modified": "2019-02-16T19:45:32.953Z", "total_amount": "50.00", "ref": "", "status": "pending", "game": 12}}, {"model": "orders.order", "pk": 181, "fields": {"code": "1b469ce8-b0ae-4688-b4c4-ecae29da971a", "user": 8, "created": "2019-02-16T19:47:44.014Z", "modified": "2019-02-16T19:47:44.014Z", "total_amount": "35.00", "ref": "", "status": "pending", "game": 2}}, {"model": "orders.order", "pk": 182, "fields": {"code": "28ad4911-5b8e-4fa1-9a8f-dd982ebe2dd0", "user": 8, "created": "2019-02-16T19:48:16.666Z", "modified": "2019-02-16T19:48:16.666Z", "total_amount": "35.00", "ref": "", "status": "pending", "game": 2}}, {"model": "orders.order", "pk": 183, "fields": {"code": "a3de6415-f24c-4e16-983c-bf3e50c51496", "user": 8, "created": "2019-02-16T19:48:32.232Z", "modified": "2019-02-16T19:48:32.232Z", "total_amount": "35.00", "ref": "", "status": "pending", "game": 2}}, {"model": "orders.order", "pk": 184, "fields": {"code": "16b479f6-fffe-4495-b9b8-4cc7dc6536c0", "user": 8, "created": "2019-02-16T19:49:22.924Z", "modified": "2019-02-16T19:49:22.924Z", "total_amount": "35.00", "ref": "", "status": "pending", "game": 2}}, {"model": "orders.order", "pk": 185, "fields": {"code": "24024d6c-4103-4220-918a-26677e2e9f06", "user": 8, "created": "2019-02-16T19:49:33.567Z", "modified": "2019-02-16T19:49:33.567Z", "total_amount": "35.00", "ref": "", "status": "pending", "game": 2}}, {"model": "orders.order", "pk": 186, "fields": {"code": "bfc7a41d-abbf-4953-adc1-11da087428e1", "user": 8, "created": "2019-02-16T19:49:42.487Z", "modified": "2019-02-16T19:49:42.487Z", "total_amount": "35.00", "ref": "", "status": "pending", "game": 2}}, {"model": "orders.order", "pk": 187, "fields": {"code": "af117df6-31d7-480f-8cac-a49a34d49682", "user": 8, "created": "2019-02-16T19:50:17.261Z", "modified": "2019-02-16T19:50:17.261Z", "total_amount": "35.00", "ref": "", "status": "pending", "game": 2}}, {"model": "orders.order", "pk": 188, "fields": {"code": "3f86396b-ec3c-4e7c-ac65-b533647f23d1", "user": 8, "created": "2019-02-16T19:51:08.730Z", "modified": "2019-02-16T19:51:08.730Z", "total_amount": "35.00", "ref": "", "status": "pending", "game": 2}}, {"model": "orders.order", "pk": 189, "fields": {"code": "4a2f165d-a3d6-44cc-810e-d4500691b6c6", "user": 8, "created": "2019-02-16T19:51:31.100Z", "modified": "2019-02-16T19:51:31.100Z", "total_amount": "35.00", "ref": "", "status": "pending", "game": 2}}, {"model": "orders.order", "pk": 190, "fields": {"code": "fbc47eb5-c2c0-4432-bc68-e00e3180170c", "user": 8, "created": "2019-02-16T19:51:51.695Z", "modified": "2019-02-16T19:51:51.695Z", "total_amount": "35.00", "ref": "", "status": "pending", "game": 2}}, {"model": "orders.order", "pk": 191, "fields": {"code": "14ebd917-a541-408f-b90a-a4b9a201c2e7", "user": 8, "created": "2019-02-16T19:52:06.066Z", "modified": "2019-02-16T19:52:06.066Z", "total_amount": "35.00", "ref": "", "status": "pending", "game": 2}}, {"model": "orders.order", "pk": 192, "fields": {"code": "6ab26331-dd70-4135-82ca-900a5d6ef4f4", "user": 8, "created": "2019-02-16T19:52:19.781Z", "modified": "2019-02-16T19:52:19.781Z", "total_amount": "35.00", "ref": "", "status": "pending", "game": 2}}, {"model": "orders.order", "pk": 193, "fields": {"code": "10cca254-61c7-4cd7-9d78-98a97095ca5e", "user": 8, "created": "2019-02-16T19:52:35.244Z", "modified": "2019-02-16T19:52:35.244Z", "total_amount": "35.00", "ref": "", "status": "pending", "game": 2}}, {"model": "orders.order", "pk": 194, "fields": {"code": "9934a5a5-ec05-4a6e-ba56-5f5e5e58c326", "user": 8, "created": "2019-02-16T19:53:33.029Z", "modified": "2019-02-16T19:53:33.029Z", "total_amount": "35.00", "ref": "", "status": "pending", "game": 2}}, {"model": "orders.order", "pk": 195, "fields": {"code": "91e1f7a4-fdb7-467f-bc6e-6b270ef0962f", "user": 8, "created": "2019-02-16T19:53:54.973Z", "modified": "2019-02-16T19:53:54.973Z", "total_amount": "35.00", "ref": "", "status": "pending", "game": 2}}, {"model": "orders.order", "pk": 196, "fields": {"code": "222c56b1-273e-4016-80d6-4b48a4e85d6d", "user": 8, "created": "2019-02-16T19:54:25.172Z", "modified": "2019-02-16T19:54:25.172Z", "total_amount": "35.00", "ref": "", "status": "pending", "game": 2}}, {"model": "orders.order", "pk": 197, "fields": {"code": "b6662423-06cc-4798-8c36-f5dbcbba7c76", "user": 8, "created": "2019-02-16T19:54:38.138Z", "modified": "2019-02-16T19:54:38.138Z", "total_amount": "35.00", "ref": "", "status": "pending", "game": 2}}, {"model": "orders.order", "pk": 198, "fields": {"code": "d7cb094b-aa20-4c0e-ae99-9a9021e1848b", "user": 8, "created": "2019-02-16T19:54:39.686Z", "modified": "2019-02-16T19:54:39.686Z", "total_amount": "35.00", "ref": "", "status": "pending", "game": 2}}, {"model": "orders.order", "pk": 199, "fields": {"code": "502cf28b-8733-4f43-961a-afec22933ce4", "user": 8, "created": "2019-02-16T19:55:37.042Z", "modified": "2019-02-16T19:55:37.042Z", "total_amount": "35.00", "ref": "", "status": "pending", "game": 2}}, {"model": "orders.order", "pk": 200, "fields": {"code": "a0d72f44-8884-4ad6-a862-b4da107af5b9", "user": 8, "created": "2019-02-16T19:55:46.748Z", "modified": "2019-02-16T19:55:46.749Z", "total_amount": "50.00", "ref": "", "status": "pending", "game": 12}}, {"model": "orders.order", "pk": 201, "fields": {"code": "f637ad71-705a-40f3-ac07-a4d0e6ca1e8a", "user": 8, "created": "2019-02-16T19:56:03.333Z", "modified": "2019-02-16T19:56:03.333Z", "total_amount": "35.00", "ref": "", "status": "pending", "game": 2}}, {"model": "orders.order", "pk": 202, "fields": {"code": "aad68be9-483a-4327-bacf-25d861733a5c", "user": 8, "created": "2019-02-16T19:58:39.527Z", "modified": "2019-02-16T19:58:39.527Z", "total_amount": "35.00", "ref": "", "status": "pending", "game": 2}}, {"model": "orders.order", "pk": 203, "fields": {"code": "d54d50e0-139a-4217-b3ed-1709d7acf9f6", "user": 8, "created": "2019-02-16T19:58:55.704Z", "modified": "2019-02-16T19:58:55.705Z", "total_amount": "35.00", "ref": "", "status": "pending", "game": 2}}, {"model": "orders.order", "pk": 204, "fields": {"code": "010e9f08-de15-4c5b-875f-8d9510ba19e4", "user": 8, "created": "2019-02-16T19:59:25.111Z", "modified": "2019-02-16T19:59:25.111Z", "total_amount": "35.00", "ref": "", "status": "pending", "game": 2}}, {"model": "orders.order", "pk": 205, "fields": {"code": "6fabe37b-8e0e-4e4e-ac32-6e94bb9866a2", "user": 8, "created": "2019-02-16T19:59:34.947Z", "modified": "2019-02-16T19:59:34.947Z", "total_amount": "35.00", "ref": "", "status": "pending", "game": 2}}, {"model": "orders.order", "pk": 206, "fields": {"code": "3bba2fd6-d902-4877-9a5c-0975a8c5ad5c", "user": 8, "created": "2019-02-16T20:00:33.938Z", "modified": "2019-02-16T20:00:33.938Z", "total_amount": "35.00", "ref": "", "status": "pending", "game": 2}}, {"model": "orders.order", "pk": 207, "fields": {"code": "8a7807c8-8cf9-42fb-8e8d-194786ea0330", "user": 8, "created": "2019-02-16T20:01:01.271Z", "modified": "2019-02-16T20:01:01.271Z", "total_amount": "35.00", "ref": "", "status": "pending", "game": 2}}, {"model": "orders.order", "pk": 208, "fields": {"code": "a7566d5a-0504-40ee-b0fd-fa5e18dc702b", "user": 8, "created": "2019-02-16T20:01:24.359Z", "modified": "2019-02-16T20:01:24.359Z", "total_amount": "35.00", "ref": "", "status": "pending", "game": 2}}, {"model": "orders.order", "pk": 209, "fields": {"code": "a8be4214-8261-4a49-b1a9-6e487ad9e40b", "user": 8, "created": "2019-02-16T20:01:25.182Z", "modified": "2019-02-16T20:01:25.182Z", "total_amount": "35.00", "ref": "", "status": "pending", "game": 2}}, {"model": "orders.order", "pk": 210, "fields": {"code": "dfb41bea-8eaa-452e-8c5a-5c964443af04", "user": 8, "created": "2019-02-16T20:01:51.252Z", "modified": "2019-02-16T20:01:51.252Z", "total_amount": "35.00", "ref": "", "status": "pending", "game": 2}}, {"model": "orders.order", "pk": 211, "fields": {"code": "8ac02b38-dc53-4a4c-afcb-6fca3c3409a7", "user": 8, "created": "2019-02-16T20:02:22.881Z", "modified": "2019-02-16T20:02:22.881Z", "total_amount": "35.00", "ref": "", "status": "pending", "game": 2}}, {"model": "orders.order", "pk": 212, "fields": {"code": "45872bfb-e7c8-4206-9659-1c3edeb1750a", "user": 8, "created": "2019-02-16T20:02:29.710Z", "modified": "2019-02-16T20:02:33.319Z", "total_amount": "35.00", "ref": "28315", "status": "pending", "game": 2}}, {"model": "orders.order", "pk": 213, "fields": {"code": "c7e798a6-6869-45e1-b611-c6f0b77f1494", "user": 8, "created": "2019-02-16T20:08:06.168Z", "modified": "2019-02-16T20:08:06.168Z", "total_amount": "70.00", "ref": "", "status": "pending", "game": 6}}, {"model": "orders.order", "pk": 214, "fields": {"code": "6601a139-2116-4b68-936b-a13aa77d495a", "user": 8, "created": "2019-02-16T20:08:39.157Z", "modified": "2019-02-16T20:08:39.157Z", "total_amount": "70.00", "ref": "", "status": "pending", "game": 6}}, {"model": "orders.order", "pk": 215, "fields": {"code": "06106b7c-321d-49f8-becc-96ed0c61abdf", "user": 8, "created": "2019-02-17T15:19:51.788Z", "modified": "2019-02-17T15:19:51.788Z", "total_amount": "50.00", "ref": "", "status": "pending", "game": 12}}, {"model": "orders.order", "pk": 216, "fields": {"code": "6d86aa29-51b3-490f-bc2f-b28b7c19e412", "user": 8, "created": "2019-02-17T15:46:50.512Z", "modified": "2019-02-17T15:46:50.512Z", "total_amount": "50.00", "ref": "", "status": "pending", "game": 12}}, {"model": "orders.order", "pk": 217, "fields": {"code": "c3470604-8172-42cb-8b1a-9384a370a977", "user": 8, "created": "2019-02-17T16:36:56.893Z", "modified": "2019-02-17T16:36:56.893Z", "total_amount": "40.00", "ref": "", "status": "pending", "game": 4}}, {"model": "saves.save", "pk": 1, "fields": {"game": 4, "user": 6, "gamestate": "{\"playerItems\":[],\"score\":30}"}}, {"model": "saves.save", "pk": 2, "fields": {"game": 2, "user": 3, "gamestate": "{\"playerItems\":[],\"score\":60}"}}, {"model": "scores.score", "pk": 1, "fields": {"game": 4, "user": 6, "score": 10}}, {"model": "scores.score", "pk": 2, "fields": {"game": 4, "user": 6, "score": 50}}, {"model": "scores.score", "pk": 3, "fields": {"game": 2, "user": 3, "score": 60}}, {"model": "admin.logentry", "pk": 1, "fields": {"action_time": "2019-02-01T14:32:54.036Z", "user": 1, "content_type": 11, "object_id": "1", "object_repr": "Order object (1)", "action_flag": 1, "change_message": "[{\"added\": {}}]"}}, {"model": "admin.logentry", "pk": 2, "fields": {"action_time": "2019-02-01T14:35:14.096Z", "user": 1, "content_type": 10, "object_id": "1", "object_repr": "Payment object (1)", "action_flag": 1, "change_message": "[{\"added\": {}}]"}}, {"model": "admin.logentry", "pk": 3, "fields": {"action_time": "2019-02-08T09:43:05.905Z", "user": 1, "content_type": 7, "object_id": "1", "object_repr": "shooters", "action_flag": 1, "change_message": "[{\"added\": {}}]"}}, {"model": "admin.logentry", "pk": 4, "fields": {"action_time": "2019-02-08T09:43:25.644Z", "user": 1, "content_type": 7, "object_id": "2", "object_repr": "puzzles", "action_flag": 1, "change_message": "[{\"added\": {}}]"}}, {"model": "admin.logentry", "pk": 5, "fields": {"action_time": "2019-02-08T09:47:24.943Z", "user": 1, "content_type": 8, "object_id": "1", "object_repr": "pzl1", "action_flag": 1, "change_message": "[{\"added\": {}}]"}}, {"model": "admin.logentry", "pk": 6, "fields": {"action_time": "2019-02-08T12:23:39.170Z", "user": 1, "content_type": 11, "object_id": "2", "object_repr": "Order object (2)", "action_flag": 1, "change_message": "[{\"added\": {}}]"}}, {"model": "admin.logentry", "pk": 7, "fields": {"action_time": "2019-02-13T15:08:16.983Z", "user": 7, "content_type": 8, "object_id": "2", "object_repr": "Left 4 Dead", "action_flag": 2, "change_message": "[{\"changed\": {\"fields\": [\"status\"]}}]"}}, {"model": "admin.logentry", "pk": 8, "fields": {"action_time": "2019-02-13T15:13:23.007Z", "user": 7, "content_type": 8, "object_id": "1", "object_repr": "pzl1", "action_flag": 2, "change_message": "[{\"changed\": {\"fields\": [\"thumbnail\"]}}]"}}, {"model": "admin.logentry", "pk": 9, "fields": {"action_time": "2019-02-13T15:13:54.067Z", "user": 7, "content_type": 8, "object_id": "5", "object_repr": "Grand Theft Auto", "action_flag": 2, "change_message": "[{\"changed\": {\"fields\": [\"status\"]}}]"}}, {"model": "admin.logentry", "pk": 10, "fields": {"action_time": "2019-02-13T15:14:05.410Z", "user": 7, "content_type": 8, "object_id": "4", "object_repr": "Minecraft", "action_flag": 2, "change_message": "[{\"changed\": {\"fields\": [\"status\"]}}]"}}, {"model": "admin.logentry", "pk": 11, "fields": {"action_time": "2019-02-13T15:14:21.283Z", "user": 7, "content_type": 8, "object_id": "3", "object_repr": "The Sims", "action_flag": 2, "change_message": "[{\"changed\": {\"fields\": [\"status\"]}}]"}}, {"model": "admin.logentry", "pk": 12, "fields": {"action_time": "2019-02-13T15:21:52.627Z", "user": 7, "content_type": 8, "object_id": "2", "object_repr": "Left 4 Dead", "action_flag": 2, "change_message": "[{\"changed\": {\"fields\": [\"is_deleted\"]}}]"}}, {"model": "admin.logentry", "pk": 13, "fields": {"action_time": "2019-02-13T15:22:03.504Z", "user": 7, "content_type": 8, "object_id": "1", "object_repr": "pzl1", "action_flag": 2, "change_message": "[{\"changed\": {\"fields\": [\"is_deleted\"]}}]"}}, {"model": "admin.logentry", "pk": 14, "fields": {"action_time": "2019-02-13T15:22:06.431Z", "user": 7, "content_type": 8, "object_id": "5", "object_repr": "Grand Theft Auto", "action_flag": 2, "change_message": "[{\"changed\": {\"fields\": [\"is_deleted\"]}}]"}}, {"model": "admin.logentry", "pk": 15, "fields": {"action_time": "2019-02-13T15:22:09.269Z", "user": 7, "content_type": 8, "object_id": "4", "object_repr": "Minecraft", "action_flag": 2, "change_message": "[{\"changed\": {\"fields\": [\"is_deleted\"]}}]"}}, {"model": "admin.logentry", "pk": 16, "fields": {"action_time": "2019-02-13T15:22:12.138Z", "user": 7, "content_type": 8, "object_id": "3", "object_repr": "The Sims", "action_flag": 2, "change_message": "[{\"changed\": {\"fields\": [\"is_deleted\"]}}]"}}, {"model": "admin.logentry", "pk": 17, "fields": {"action_time": "2019-02-13T15:22:32.831Z", "user": 7, "content_type": 8, "object_id": "2", "object_repr": "Left 4 Dead", "action_flag": 2, "change_message": "[{\"changed\": {\"fields\": [\"is_deleted\"]}}]"}}, {"model": "admin.logentry", "pk": 18, "fields": {"action_time": "2019-02-13T15:22:45.128Z", "user": 7, "content_type": 8, "object_id": "2", "object_repr": "Left 4 Dead", "action_flag": 2, "change_message": "[{\"changed\": {\"fields\": [\"thumbnail\"]}}]"}}, {"model": "admin.logentry", "pk": 19, "fields": {"action_time": "2019-02-13T15:33:44.792Z", "user": 7, "content_type": 8, "object_id": "2", "object_repr": "Left 4 Dead", "action_flag": 2, "change_message": "[{\"changed\": {\"fields\": [\"thumbnail\"]}}]"}}, {"model": "admin.logentry", "pk": 20, "fields": {"action_time": "2019-02-13T15:33:52.815Z", "user": 7, "content_type": 8, "object_id": "2", "object_repr": "Left 4 Dead", "action_flag": 2, "change_message": "[{\"changed\": {\"fields\": [\"thumbnail\"]}}]"}}, {"model": "admin.logentry", "pk": 21, "fields": {"action_time": "2019-02-13T15:34:01.372Z", "user": 7, "content_type": 8, "object_id": "2", "object_repr": "Left 4 Dead", "action_flag": 2, "change_message": "[{\"changed\": {\"fields\": [\"thumbnail\"]}}]"}}, {"model": "admin.logentry", "pk": 22, "fields": {"action_time": "2019-02-13T15:38:45.286Z", "user": 7, "content_type": 8, "object_id": "6", "object_repr": "World of Warcraft", "action_flag": 2, "change_message": "[{\"changed\": {\"fields\": [\"status\", \"is_deleted\"]}}]"}}, {"model": "admin.logentry", "pk": 23, "fields": {"action_time": "2019-02-13T15:52:28.796Z", "user": 7, "content_type": 8, "object_id": "7", "object_repr": "t", "action_flag": 2, "change_message": "[{\"changed\": {\"fields\": [\"status\", \"is_deleted\"]}}]"}}, {"model": "admin.logentry", "pk": 24, "fields": {"action_time": "2019-02-13T15:52:34.839Z", "user": 7, "content_type": 8, "object_id": "8", "object_repr": "asd", "action_flag": 2, "change_message": "[{\"changed\": {\"fields\": [\"status\", \"is_deleted\"]}}]"}}, {"model": "admin.logentry", "pk": 25, "fields": {"action_time": "2019-02-13T15:52:40.718Z", "user": 7, "content_type": 8, "object_id": "9", "object_repr": "asd", "action_flag": 2, "change_message": "[{\"changed\": {\"fields\": [\"status\", \"is_deleted\"]}}]"}}, {"model": "admin.logentry", "pk": 26, "fields": {"action_time": "2019-02-13T15:52:45.496Z", "user": 7, "content_type": 8, "object_id": "10", "object_repr": "asd", "action_flag": 2, "change_message": "[{\"changed\": {\"fields\": [\"status\", \"is_deleted\"]}}]"}}, {"model": "admin.logentry", "pk": 27, "fields": {"action_time": "2019-02-13T15:53:52.463Z", "user": 7, "content_type": 8, "object_id": "5", "object_repr": "Grand Theft Auto", "action_flag": 2, "change_message": "[{\"changed\": {\"fields\": [\"thumbnail\", \"is_deleted\"]}}]"}}, {"model": "admin.logentry", "pk": 28, "fields": {"action_time": "2019-02-13T15:53:57.892Z", "user": 7, "content_type": 8, "object_id": "4", "object_repr": "Minecraft", "action_flag": 2, "change_message": "[{\"changed\": {\"fields\": [\"thumbnail\"]}}]"}}, {"model": "admin.logentry", "pk": 29, "fields": {"action_time": "2019-02-13T15:54:14.568Z", "user": 7, "content_type": 8, "object_id": "3", "object_repr": "The Sims", "action_flag": 2, "change_message": "[{\"changed\": {\"fields\": [\"thumbnail\", \"is_deleted\"]}}]"}}, {"model": "admin.logentry", "pk": 30, "fields": {"action_time": "2019-02-13T15:54:21.722Z", "user": 7, "content_type": 8, "object_id": "6", "object_repr": "World of Warcraft", "action_flag": 2, "change_message": "[{\"changed\": {\"fields\": [\"thumbnail\"]}}]"}}, {"model": "admin.logentry", "pk": 31, "fields": {"action_time": "2019-02-13T15:54:35.707Z", "user": 7, "content_type": 8, "object_id": "11", "object_repr": "asdf", "action_flag": 2, "change_message": "[{\"changed\": {\"fields\": [\"status\", \"is_deleted\"]}}]"}}, {"model": "admin.logentry", "pk": 32, "fields": {"action_time": "2019-02-13T15:56:23.057Z", "user": 7, "content_type": 8, "object_id": "1", "object_repr": "pzl1", "action_flag": 3, "change_message": ""}}, {"model": "admin.logentry", "pk": 33, "fields": {"action_time": "2019-02-13T15:56:23.076Z", "user": 7, "content_type": 8, "object_id": "7", "object_repr": "t", "action_flag": 3, "change_message": ""}}, {"model": "admin.logentry", "pk": 34, "fields": {"action_time": "2019-02-13T15:56:23.097Z", "user": 7, "content_type": 8, "object_id": "8", "object_repr": "asd", "action_flag": 3, "change_message": ""}}, {"model": "admin.logentry", "pk": 35, "fields": {"action_time": "2019-02-13T15:56:23.111Z", "user": 7, "content_type": 8, "object_id": "9", "object_repr": "asd", "action_flag": 3, "change_message": ""}}, {"model": "admin.logentry", "pk": 36, "fields": {"action_time": "2019-02-13T15:56:23.126Z", "user": 7, "content_type": 8, "object_id": "10", "object_repr": "asd", "action_flag": 3, "change_message": ""}}, {"model": "admin.logentry", "pk": 37, "fields": {"action_time": "2019-02-13T15:56:23.139Z", "user": 7, "content_type": 8, "object_id": "11", "object_repr": "asdf", "action_flag": 3, "change_message": ""}}, {"model": "admin.logentry", "pk": 38, "fields": {"action_time": "2019-02-13T15:56:32.859Z", "user": 7, "content_type": 8, "object_id": "4", "object_repr": "Minecraft", "action_flag": 2, "change_message": "[{\"changed\": {\"fields\": [\"is_deleted\"]}}]"}}, {"model": "admin.logentry", "pk": 39, "fields": {"action_time": "2019-02-13T15:56:58.937Z", "user": 7, "content_type": 8, "object_id": "6", "object_repr": "World of Warcraft", "action_flag": 2, "change_message": "[{\"changed\": {\"fields\": [\"is_deleted\"]}}]"}}, {"model": "admin.logentry", "pk": 40, "fields": {"action_time": "2019-02-13T16:23:56.211Z", "user": 7, "content_type": 7, "object_id": "2", "object_repr": "Puzzles", "action_flag": 2, "change_message": "[{\"changed\": {\"fields\": [\"title\", \"slug\"]}}]"}}, {"model": "admin.logentry", "pk": 41, "fields": {"action_time": "2019-02-13T16:24:03.339Z", "user": 7, "content_type": 7, "object_id": "1", "object_repr": "Shooters", "action_flag": 2, "change_message": "[{\"changed\": {\"fields\": [\"title\", \"slug\"]}}]"}}, {"model": "admin.logentry", "pk": 42, "fields": {"action_time": "2019-02-13T16:24:23.495Z", "user": 7, "content_type": 7, "object_id": "3", "object_repr": "Action", "action_flag": 1, "change_message": "[{\"added\": {}}]"}}, {"model": "admin.logentry", "pk": 43, "fields": {"action_time": "2019-02-13T16:24:42.386Z", "user": 7, "content_type": 7, "object_id": "4", "object_repr": "Combat", "action_flag": 1, "change_message": "[{\"added\": {}}]"}}, {"model": "admin.logentry", "pk": 44, "fields": {"action_time": "2019-02-13T16:24:53.349Z", "user": 7, "content_type": 7, "object_id": "5", "object_repr": "Sports", "action_flag": 1, "change_message": "[{\"added\": {}}]"}}, {"model": "admin.logentry", "pk": 45, "fields": {"action_time": "2019-02-14T15:28:07.846Z", "user": 7, "content_type": 8, "object_id": "2", "object_repr": "Left 4 Dead", "action_flag": 2, "change_message": "[{\"changed\": {\"fields\": [\"url\"]}}]"}}, {"model": "admin.logentry", "pk": 46, "fields": {"action_time": "2019-02-14T15:28:22.565Z", "user": 7, "content_type": 8, "object_id": "4", "object_repr": "Minecraft", "action_flag": 2, "change_message": "[{\"changed\": {\"fields\": [\"url\"]}}]"}}, {"model": "admin.logentry", "pk": 47, "fields": {"action_time": "2019-02-16T19:55:56.786Z", "user": 7, "content_type": 8, "object_id": "2", "object_repr": "Left 4 Dead", "action_flag": 2, "change_message": "[{\"changed\": {\"fields\": [\"category\"]}}]"}}]